RM,DIS,LSTAT,MEDV
6.347699907107863,5.1528984464874465,30.770836415592655,20.46653228597765
5.903214989180171,4.383126884805678,2.965160340140452,29.383259554570337
6.453381976670484,2.760827038607225,29.251952768637167,27.42625579332312
7.066120899485618,18.22478308867925,6.252705626623691,40.57085869207499
5.836092637693665,4.723332033868838,13.058922190551682,30.27112334163838
5.836104130135574,2.0831781150271995,26.535772457623057,27.386517687707673
7.105448970855174,1.4293720184995475,7.305076569594171,41.40550863587171
6.537204310407036,1.6635531703593034,28.992911795929054,27.06112010931757
5.671367929845534,2.129227397580564,29.460427872605482,25.31924146309795
6.379792030510175,1.700659499817176,18.746435214107596,30.80458916302253
5.675607615031277,1.8259669818183215,2.2107337666555082,37.161864643135175
5.6739891725008205,2.342423392861786,11.472258394772123,32.427698387275186
6.169373590096224,1.761609734651548,22.358588306399493,26.782497569026454
4.660703828739542,10.083005797423661,34.379143874904976,14.048571356142963
4.792557517240877,1.3345428503680006,22.849846391550056,21.34571369515913
5.606398729531319,3.9736494004508107,10.573518175117274,28.491174381394025
5.291018215765903,3.1132222259572093,22.922188202287174,25.046915395418527
6.219973132816691,17.15456866406368,19.81951753062323,19.91741862136689
5.364383147135152,1.4753093827896195,27.734898039987737,22.301355496394464
5.011387409065296,3.0290319749697217,5.530361081289628,30.749883527264192
7.025954138245088,14.95623865650686,27.113920782566925,27.352377669183284
5.841956589659425,9.024976247872619,19.86179709631164,26.190490974844856
6.0472697432815465,7.794652136144718,33.77873612734682,19.37457370842653
5.00267626965058,2.1931003341340185,13.28178147927664,29.729239339148435
5.618932092832372,1.7495981311459503,22.876522473420287,29.952222808930685
6.077645812796907,5.418238394727134,32.75692748183057,22.974077044761263
5.1943044958043885,11.601540379839822,5.382821023692415,27.510399636785966
6.26298861284197,4.254601687618969,32.92854007880288,18.787863483948442
5.579552917056836,4.3909102458343465,24.70022883592684,20.15685405517747
5.795814375144706,2.313900123242603,4.238622950470672,34.7871362258029
5.578805371439422,6.869895033648354,11.931797709244936,26.66464387927262
7.296594729156256,1.8283119285842835,25.36967892529429,32.32306430988565
5.990551942683446,2.5643512524769303,4.222569848469466,36.729248937635354
5.25960234973087,3.216578200279322,21.211625185817017,25.672988318676374
6.575781438472232,3.833939850578794,13.414140879447572,34.0433704931707
5.1454094450202845,2.1104503342784233,22.490212086326746,24.88622094627744
6.146204516503329,1.4879330885765418,3.509487115812924,38.42573572475227
4.628230913284157,4.7727986297174265,30.76071460302842,9.447998250986243
5.070269765771099,2.362253473746167,34.1251359828541,14.2896479190991
6.1378028651083865,4.4818122731697745,33.972969224427814,21.02936090957829
6.516926605996788,1.6706590110827193,26.738510447516514,24.750964072161
6.1199577968329795,3.62448551211411,6.292845924310855,37.44090945594103
5.919046202328231,4.042188992516311,27.022685465657744,28.65504627958522
5.789227413087498,1.2128586058284854,2.81136824314045,40.59030919604497
4.965034606742801,2.6415344055216927,2.7300772004569094,31.499038617934083
5.496109054123704,1.5773973073277263,12.679137231934861,34.824456411537085
5.677552860328149,1.2618890350900995,18.12522528335397,29.140209514025045
6.739985558353241,19.404805245581297,27.423444787657175,19.27454486179285
6.240532802697923,2.556520090077681,24.54874742801467,25.80982226382062
4.7658718912460865,7.6402824550795945,16.714789310432693,20.744414514009907
6.226858778576356,2.1755553371736056,11.029679987294974,33.367145775023815
5.730442403708579,5.576565404081406,34.90510850520447,18.922623731026423
5.526154599785829,6.712264891312834,16.063982973787105,26.724371009528774
6.428173402188608,4.621786376676559,16.89577180287929,31.391225981625364
6.721699665747166,3.551426576181087,7.399586099325083,39.4438065002218
6.651896083381339,3.123031254021511,28.228715108747668,31.155546059881132
5.412547733744153,2.716173206815899,24.891513450789127,26.10755774624223
5.78355133690415,11.610224192883123,9.285397222029093,24.015252071714936
6.231884401982494,8.102428284567193,4.718574505322809,27.08715721026161
6.682881588985651,14.412705557662767,24.456476968465534,26.782776415581928
5.664578033508297,1.5309141673444222,23.598870071277464,21.657361952984285
5.870038716335328,6.25020545384203,11.017564390940908,30.042012453607125
5.22556551819578,12.144509061044962,33.37849755426355,9.855985205146563
5.16265536314353,1.7998232388031907,6.984910428769708,26.014968669191145
6.568768075675939,1.2752412698899875,16.267048434405865,35.69708371084613
6.949368019999576,6.405572612754488,33.139325365530766,27.2518565917632
5.949592914893766,4.417708576794679,15.851001458562036,27.884078354610313
6.702473028524417,8.37630856528591,23.071356272914823,20.01540584708699
6.253145217533344,1.6022329856567703,15.120615132772212,31.26556868369478
5.548416171776413,7.344200444127472,11.04910167750611,29.720841814272916
6.25297692385589,1.9007190922680919,34.47126238267433,18.64215917548585
7.076625596526179,1.714860795862072,15.508022208396419,37.32176623983912
5.974921772623034,1.7177786262398027,31.505273721411434,23.217153141770563
7.095250559069804,7.740413130256035,9.588501994405844,38.549669731821346
4.166178427137179,5.376854556063876,9.032455232827749,23.984978346482542
6.575331753062657,3.9615038253841774,3.027424735188875,36.46298766238209
6.0609329477667195,2.7778456067122725,23.505005237404205,30.752953821768827
5.790694854673893,9.38881066917733,14.161369342884118,26.702795548257832
6.064232543574851,2.9932509987897795,30.523822244708022,23.480712477595564
4.608701759779375,7.7843306513922785,17.615926920821387,17.543576135570458
5.846229678513741,3.3130995244555215,33.950383121185816,19.269560316173504
6.249978800058223,2.8924782632709487,8.122342018202998,33.08807571747344
7.034525831319061,3.4846442395984103,30.664564542535157,27.57918658575825
5.637210847208447,2.4345811017225683,27.627696142127476,28.290041054544247
5.434054477974769,6.507109251747758,27.440420873253714,16.080803898579035
5.6487700694908245,3.794411262782384,29.877846527857294,16.567037258504055
6.640781482391452,2.056970123988261,27.113791701118963,33.03203748188447
6.2301257767617795,10.193359398202334,22.665270613836707,24.09334284633378
5.629167857363073,2.937326969434845,6.33108096351879,31.504417104358794
6.359287203179349,4.137129528711053,3.0733639232113132,41.31090335212379
6.067954284543628,10.477982434838506,32.38797897791767,17.08994409712946
6.678051493373022,4.915197215429323,22.349460379184354,35.23595781019908
5.508562834285853,1.497258463431119,28.285730602213818,24.685097252624608
5.770636497381562,12.242466735728836,17.89023759991415,22.32309609464921
5.725524292807489,4.952307715739305,5.871170235759018,39.68780712808479
4.975539536307517,2.6313052622052373,6.131131142684165,28.67933471008287
6.2072841939452035,1.5999072824657032,24.623654478556055,30.150926205243056
6.182738690525922,7.320005582721068,16.200094531682268,30.051521136647423
6.003579419649722,4.871102030251409,8.617315981111112,37.17891196076375
5.835789006637397,4.049655432196113,18.222620042467415,32.72734088603578
5.00924048056471,9.973213322145781,4.118894923479425,28.09616072720825
5.705548274064249,7.215960054784288,21.20505626317516,22.05697960030297
5.760099838431262,1.6579652805053635,10.876782346358222,33.91304180754186
5.438405911544867,2.494250205583202,28.319450321027208,19.752033185162812
5.887100001833794,2.1426784741953515,12.241944644477934,38.28335019241219
6.282835599770177,6.449472247473646,17.02226491969944,30.087915408512558
7.320330130847371,1.1364301594313517,2.383477816967321,43.74573201210119
6.122204468982288,4.374854225544572,4.390747297220443,36.78226250112366
6.180285273505935,6.749654863439115,14.952287361420598,26.009076386510724
5.947887858963683,9.374669377543752,17.837981545665073,23.218271717682043
4.6568601492906705,2.674698374180371,21.800678087937023,24.647854239227932
5.981440287185548,7.887231854164012,11.624865097407007,28.180470123228048
6.042161146958718,1.4689755403951095,24.934402242175903,23.86838389546227
7.7242694787397,8.494975828846751,30.38403910724375,30.79179818323511
5.865347324653214,1.5455185221122834,27.735082633480545,28.243548509458645
6.211083139633529,3.0252585248394572,3.307421236495786,40.04593574949523
5.97570176120633,7.38402145330596,17.856729259508356,30.246276507041937
5.181925373666328,1.6496871596816647,5.462695887799771,30.083050078882543
6.7999759701605145,2.0415720897790037,9.987485523463405,33.719919043955834
6.526353122880742,6.124172390579622,34.559865577815835,26.793747586072445
6.553722362930133,6.092384687966779,6.702352915749937,35.40320349626589
5.363428781643683,5.099376834949563,18.46330906389475,24.28330190943111
6.9819560176552695,5.736006836350468,22.39913923249793,34.826789479399324
5.018704256045403,4.129876404782553,25.18134402795543,22.106601092060004
6.410799965660189,2.1603347970376396,20.468406555068164,32.10729246849287
7.533318938066985,2.6967327751730537,2.322437964833061,51.652016355035116
5.306624572408518,1.8016050980661273,12.773223172051733,27.31515403584323
5.60359158927806,10.563504557294607,19.084484231695477,25.977483936138967
6.069755955561349,4.502436218546395,4.899594471779501,35.81880380733505
5.647567042118661,3.0489826379160894,13.570688729902965,30.73377636327355
4.914535598253707,3.4796300252846533,3.0957025901150965,35.87041696280626
6.0479940823642195,12.771294947988844,4.593090406115684,33.0812850036377
5.256387400391727,1.6658782005140027,15.09846811465267,29.514652081524204
6.331514701444627,4.529778436434216,6.379619883420991,39.42039635922494
5.356403036036338,3.819977763172709,20.72884799263142,23.412744113650966
7.084954083512278,4.781377272012291,24.75234398152977,28.14028078877334
5.451722695364634,1.073104721625989,28.419361070599734,19.377952998647206
5.774556938656027,9.226774090162786,8.604958060078733,24.057848850031373
6.5694620521587686,11.759954146765008,7.526925214549302,39.37249196995765
5.1383949784962315,4.330861855773591,5.450738731035209,27.491549501911706
6.1592219542228905,5.771482962103833,23.00219823494001,25.745508301835216
6.9149999279977,11.229877431382505,25.313698974067737,25.472771537596618
4.874761735807141,5.913589813570073,3.0423427792461872,30.81806247605488
6.129243700972613,1.6620420364964867,32.89500412604177,25.814907061211827
6.181917955973897,4.434808599410241,3.7150523604985897,39.4160797649943
6.547276010244117,4.73288342813606,19.862779064935324,28.689316488978076
5.134134502385343,3.2074980156912845,25.39899714188024,20.866059791781712
5.075680370841007,6.333961215533568,30.741981083620825,17.68817055609274
6.3653590959318285,11.894707543049899,25.564868760370118,22.350933949398488
6.20788927126323,11.39150485221647,28.45702674130313,25.937217287616324
6.1753449952421136,3.3974571852144706,13.2018563539126,34.04999306156178
6.242513746647883,1.4807148182071368,28.889228753634903,28.23223030546785
5.523982694895056,17.756695956482826,4.64378993069428,28.408314336888964
6.162577588012702,8.30287244327377,31.52894964999741,24.417398465883892
6.205150731309077,1.5325838388682536,20.070548413073297,30.767252206685733
5.499954007381542,11.145231763853104,28.970826408762292,13.551245106732473
7.306042157801329,9.157695724907454,16.926503389103907,34.687175087258886
6.331683044638251,3.926205543874597,23.238063941485326,26.122209799135806
5.166087551958146,4.5788551473162995,19.371287810891737,22.269516235437436
6.459587526043681,3.0366593736360543,26.142454217925952,29.467472890702677
5.317722830840875,1.2252725969731753,4.693789407009456,37.34393236651397
6.550959222619716,2.633059545202965,3.9916187716886053,39.50627168486098
6.811016905305182,7.495231644264715,10.154406722334834,36.15676438102303
5.425522377153802,1.0185711362653715,7.264974443735215,38.09248392967444
6.6743632904710255,2.622855586360675,30.768857697542657,27.398219348869166
6.288946648855549,3.0311123794187127,9.234061582815462,43.11719560570184
6.575442111996143,4.083532096495527,34.203553442031335,25.43019672761191
7.3277550878577635,11.095701904612167,13.117561128446527,29.249855645292023
5.828228318797991,2.70070844356316,8.009891217727077,36.04586662665844
5.472384684949757,2.7044259438339813,28.06005073570181,23.123160239629225
5.377339899262134,6.350035806662262,23.73735659152891,25.71226155946332
5.428932800524193,3.4075110939693576,18.440458642953587,28.24022318796937
5.946028803410127,2.0175298948109015,20.32699718094183,28.142512527222944
6.238806382371651,3.4091294023046204,25.733658682984707,22.949743160345495
6.193683559531014,1.6072796877255482,9.539006463932857,34.76820494996778
6.579028274325217,1.776218012832387,34.87901922987248,22.015961387645746
6.009101324314535,3.7595521712112707,34.16817435084384,19.340073011130947
7.017473854010122,3.171504865024028,23.460747649448916,33.53697822607596
5.814740216733431,10.853170941011252,8.584900880661788,34.364378685884844
7.904118416612733,2.8001383321589133,24.447532000232613,37.08077150633685
6.437967143435504,4.475609535141087,4.382547496312803,34.17310801534502
5.399989710508602,5.001563090071392,3.0115325727916002,34.32720872577194
5.250375251357221,1.052723779302637,10.503535320870052,34.063641166636714
6.33773069067023,5.357072788143956,17.26655757239744,28.547489560122308
5.8435760502719045,1.784234560796993,30.652992678476558,22.597215131703997
6.499800345864465,13.983993089089706,25.996579302288165,22.552780117820976
6.331266337201481,1.6437876172407204,26.509315199599374,25.22508533834064
5.949019761140189,3.1420044581464275,16.04128003678649,32.09829785976606
5.407244397352117,1.3568537506020126,13.415854754049777,29.28702328861134
4.9396069427198945,24.072326460603037,14.244279178491889,16.79832922577309
5.687439533553086,3.7901874626329044,34.59243560328991,16.583409601397726
6.5994791560264305,4.619277296355783,3.323603316611922,37.71358057267806
6.149865620891143,1.2777282033130166,30.6120393720408,26.97158839026212
5.127982854901608,6.544545020863996,21.096288482888983,20.700998066356256
6.121226648095828,1.9424113530010527,16.474308833256487,36.578664701050585
6.269722165810186,10.133259427246522,25.933502793699503,22.11632116173411
5.381299794659207,1.9183553126433335,18.060075067015195,27.591337960722438
6.10760757416187,1.8462817192352634,30.822966856694798,27.001186078463586
6.0407461029122,1.1489373674306886,31.72316151237153,19.512583875860795
5.199920791518564,3.5551431731818557,15.916790586824028,20.981210641647554
6.250451152243798,4.328176414704722,11.135317308756703,28.943539955777993
6.392549168457764,1.271867760716626,21.547560843580953,34.34078385042157
6.758135870222694,6.976010374393489,32.107990405350805,22.593104523563976
6.737661436424432,3.415338601174487,8.951852237186998,45.179309619946174
5.035631442430036,3.9726306183703874,22.55789725759493,20.220150478195357
5.343522472059414,3.324725887150321,22.84148726305318,24.188159694786428
6.360524687046062,3.0483928050996854,26.192729739704273,31.808392020531958
6.359650165638546,4.280653828551499,6.341733609199574,42.50533577379456
6.360533380414234,1.674812027043822,25.622223834508922,34.33865970120399
8.696912043458305,1.8032203448345019,31.998073181966152,40.20901214567063
6.399623357485217,8.915797313184562,7.929542592717985,36.6476344119092
6.7948959481264195,12.683646837058742,9.838929722487961,34.4907723084623
6.667801234445242,2.8692087499005545,34.05603810337411,27.21146597408879
6.455973875914059,2.262925462770664,7.972239439413162,35.50872977949278
5.779311528751758,5.131293060377828,30.19470808119611,18.7789604227049
6.531278454345287,3.101958270428985,18.245169262785147,31.972705132886514
5.4590223498237,1.1028565949305882,10.158625455304842,31.153816856425998
5.834226975281994,1.6791344131980424,30.734746741992875,21.60451015083268
5.660245516519628,6.034733039412182,16.69507341508796,29.025486697718208
6.057311897570425,5.302599129270143,18.988972679679776,31.0066892090887
7.6202609966714565,1.1098794315377605,13.854701190192268,40.884235331367805
4.692914365185777,2.0039718954668198,21.567378097352606,26.11148707268496
6.480382133262159,2.051046315803724,7.396287795305751,34.253176268355546
4.871098890167244,5.457658891311407,14.905690709508104,23.592841272587304
5.669647693947397,1.0796295251685577,33.99060663706449,18.662653426812046
6.762265417877156,1.4397442344054912,10.518403279137209,32.23264348139526
6.044996013366824,7.436073709184966,23.672309929862642,24.422746189782217
5.245578655449486,1.7867108378071412,12.73127211941493,28.60365927348655
5.499287403518022,5.230796355682307,27.52461314765782,25.659081495646447
6.475718424254273,2.088194488835981,6.318830803705544,40.067514528664944
5.488743357798004,1.4189601339394853,34.00409448759198,16.659629005236674
6.1515210127073825,2.1144780656457893,16.975054865660095,36.77511629688654
6.03190028793267,6.1243792523881275,9.78966529043331,35.86558025482869
5.543879756675928,8.74334534981572,4.425392661890418,32.88132288793241
7.500760862527728,8.093003999902258,7.602010867888844,38.97684458219359
6.443743315622608,3.0245699579003538,19.152540302348584,28.25184373781813
4.582400189339675,5.41150711361838,13.121104822232448,22.529074650559807
6.1305180203386,1.917573641315923,29.353151074126114,28.28347360308453
5.536749474662129,2.3877343544500675,16.219288280839596,34.03399497346964
6.596703334357357,10.066394514523617,10.207570995391787,37.476264501645645
5.445235483097109,1.05234875358514,22.36578455793299,24.05056249436766
5.919684490973171,1.3575485585217966,25.32364815721971,22.898971797128066
6.35349109528632,1.9322011209592609,7.512382960731346,37.467822176319906
6.606028635919085,1.1075621408972676,7.531434137514482,33.405326943701
5.159792515060957,1.800812013161091,3.210157088806918,34.26298116687512
5.7658491349113365,4.4990749149774665,26.301266497166136,22.98626720958887
5.667538282187331,3.1887452734712016,23.90554941151957,23.392434562836545
5.542669537198401,9.92745208328731,17.662818899743858,19.134102992676038
7.235817968196768,7.8027836120779135,29.857624815983506,28.88968594666228
6.2834871976726685,2.6730912206761284,28.587115047351755,24.189230335363668
5.117381231965468,2.201305008589114,21.316694025092822,20.318156135855503
6.642503362938343,2.910159232434151,30.652952256937535,17.814174430160925
7.485509337908843,4.569271000573221,8.792759931213352,40.663986508499015
6.722725682385803,2.2482468392610917,5.69334744012502,44.959586062245194
4.936441023832191,4.914248982188351,10.901737180060657,31.75798968168006
5.661036148993624,3.1065441571192447,3.8838662509473902,33.43868677117599
6.886837804430636,4.212269466059378,19.528594424034058,30.757120896021117
5.504631374066854,3.2917015803644483,32.90798784573373,20.829634925510252
6.31067359970236,2.395199901049333,3.2983368420608183,35.711443309391846
6.542243837400536,12.861068884608814,6.029627162330884,34.171246862991225
5.351148669895342,6.769018014930545,16.922567933353363,27.208191210488824
5.95833225075674,1.6038179924920835,32.81787557842086,26.261614139980153
3.731112861951649,9.114019710877296,12.433151464232767,17.58151649276336
5.282928651065998,3.673281318647666,18.73874868671695,24.59760700211679
5.823202294024788,9.998157961158974,3.371904348662939,29.7970325549433
5.126551772624605,7.434857815719601,6.895325631748932,25.98702607726918
7.1426879127521445,3.2150264770344292,34.55879405764195,26.147092620717956
4.998901035427557,1.0909023579101604,33.848916982389504,18.62669202743648
5.691968859312111,2.2516021911059467,2.163019370835517,38.99328739428958
6.091518404100264,4.120351022719185,33.40978891896688,19.28298519761725
7.008891302346281,5.0147893277381455,23.090957947911512,35.46964858078514
4.994896494174393,2.193018719715756,30.64130371916073,17.743950448306013
6.8142146265084715,1.6002976753228622,17.006415235917352,34.70361479387694
6.007163142713711,8.205548348649566,19.014668943115257,24.18407203024267
5.312943944266435,17.642496652748935,18.131937148478364,11.404782039899702
6.32347243198429,3.9835781878883476,24.006520499021445,30.2744490055497
6.139341786901429,1.7534194546402957,6.608491406958326,38.72628519498514
5.579848185988844,2.2715058869157314,2.9891284657983723,34.42494108223253
6.048861459493013,1.0742475496430641,12.1616880725093,33.8273116380635
5.730280482196768,10.827554110774228,25.25446517030934,22.15821042355435
6.079462141675874,1.501124175384812,8.661163920057296,30.62852908999869
6.4634914721647325,4.436962675472623,24.223270299722273,26.400182841187323
7.1102117713017465,2.2811253144111716,34.007097521539926,29.789741477398664
5.1335291508212055,4.231342061627942,5.098723621050807,27.239744643258902
7.493123362259387,5.215554535944108,24.195869901429166,33.64057838911018
4.633538540334249,8.081756769689441,16.64375723705085,16.73519028443088
5.893750433475092,1.9248101100181434,30.648694394457678,24.581289862438126
6.411822044539203,1.0442269185267887,7.845943051763735,37.507100790658306
6.196694307414523,1.588832282749562,24.85665642346343,22.91533173624959
5.564110336125585,10.211086115412726,29.65780455838764,21.380324407099252
5.854314424749908,9.28240540821249,33.17226924264277,15.840460067927754
5.6548993457388175,4.63937724078597,24.547184933558313,21.2504583304788
5.587444670139052,4.670334874021387,18.4067672122781,27.000379899238347
6.5947214679147175,5.37493691763005,22.388958926640058,32.53757146572468
6.2499108401755334,1.7712881145542085,30.6738644877977,21.97951244276652
5.514963283317542,10.832838243085206,20.83012163908138,21.92837602504833
6.629719912803275,3.170438537385272,3.0027729699956165,41.34844331131766
6.215109664613626,2.932443197311474,32.72130695173027,25.327990070336696
6.569003483187272,3.926867730490724,24.754382784041518,29.033716824501916
6.440740189346529,1.192418657167909,24.324941730649137,28.343937235574156
5.419703492354549,1.7274468201970894,9.117280029124666,29.19338337516571
5.607873271862121,6.358156361695853,23.74322051767769,23.247109568762962
6.523105523586283,1.3457131026873743,14.99752538658723,31.227491337337295
6.427259185803425,4.696808875940462,23.490688242369238,19.27849591937845
5.985368884225096,2.126000134401763,5.517570000163694,37.41473876631575
6.082129168316148,2.9725690277007537,23.70889505190019,29.781718325038852
6.8943654270518975,2.362608767816584,34.980652950431995,18.711398969509684
5.585900027814919,2.758193910891414,3.590997282398349,31.7257124282999
6.382968166819026,6.078255946554747,34.24674807930347,23.609801604181612
5.858465143296274,2.4102861584222035,15.42796270385473,36.545687694478
5.847623157740946,4.342574122822809,30.73486386112955,21.761777919754774
6.769143796391033,3.585439146761047,27.818720973923025,25.95963009792573
6.577791444291621,5.358663692370714,20.71153661256004,29.30516774567821
6.569456745200447,12.047686590051876,26.368823905293773,27.763657735773958
6.91383516500803,6.2756210850201715,30.99101352294448,23.99796598368421
6.014702689142931,1.9679824529761891,15.336630614484088,29.023630892033754
6.477367079906474,1.1267187152970313,12.792094331586878,33.97919830954432
5.7828132703845805,2.2166772080223516,24.030581723598296,22.93045106133644
6.226916446741909,4.616242607492389,28.658916084061534,24.865013835916983
5.908899861942621,1.2111811123990988,27.15540944762832,30.235239405108075
6.0678971754949025,3.7436238241047555,28.32785041233494,25.272986578602755
6.41660991780584,4.633715359950241,16.37424938882679,30.82200670826182
5.42724552173657,2.6273275117524015,28.988529133775714,20.452865479172157
7.464671092979822,6.894599836586939,5.966898827230079,36.20303370690063
5.295787832950209,1.450875659058712,19.968140232708034,28.418760550309152
5.150067971048587,1.312442023168988,2.190035796438012,33.76558935440103
6.810677611450047,6.210589640865571,12.71133238670892,34.05098730269112
6.554163885774055,3.7366809066522744,14.09323065075613,43.43518635370066
6.436883871936509,5.664170622932564,15.073698823105428,32.711743361760604
6.439841856484996,3.2824959965154292,24.950417820765452,25.827379223498983
5.9914272590071596,2.1315850150341262,14.82241734192141,30.2010623279414
5.371921939959918,7.8392947942847835,16.80688954654351,27.98185465697571
6.0530631907356085,7.42608625584076,9.838956318852805,31.97260589794455
5.525986801941522,5.745795278836486,14.317309123768222,23.28354787345316
6.682583813392426,2.270614459952128,9.499897699683999,40.285349790869674
5.897059832948503,4.5686435188938574,4.41546548435864,32.98881240649929
5.422151962245242,2.791239902319288,21.91380358158547,30.378131397926467
5.775029910842904,1.384202938426613,24.051022352315535,29.397681105987388
6.289052017992937,10.970799374150566,22.443181418317277,23.396304006754512
5.605392813037218,1.5885217952780801,17.295303445418888,32.42810053004295
5.424445723103498,13.00196261249105,14.532930745914584,23.558348467896888
6.170581048044339,3.3624040511634887,30.490010435870232,26.48501902207149
6.171476599776106,1.8189211276538633,19.129698909495197,31.837271432189425
5.645139777240209,4.122679384606946,17.813001961781122,24.718788248034393
5.670273186067174,9.252567177128235,2.846188171612378,30.371338759013174
6.162434956150346,6.270431116521895,13.26117831166316,34.13625251940269
4.986340960951873,7.571175304295029,14.546455419933283,22.868563446325584
5.014775357936411,5.300950860681611,15.161151769597716,23.63188008481641
5.497089045123294,5.714215344566129,21.145688184501964,21.19012572303437
5.8505869938017065,8.567087952201117,19.60888404198699,26.435746168694862
6.217635295918603,2.1489580621604807,22.060868062183673,35.17083817515038
7.032749351864687,3.6888706646849654,27.241147630890232,26.49613886877301
6.600361736241414,2.000052516424489,28.828529377631085,27.660176104197554
5.888043029025601,18.582233669621317,25.698061515474315,21.53672921882648
5.986688654468118,12.533855149281658,33.53228196651284,16.66145054070619
5.298229444753534,1.1609004048215164,2.601675228319934,35.96697479594614
5.987040804805327,5.890926252782916,8.46067352755702,29.572223549416023
5.797938952755903,11.374334229901022,2.24957487427869,33.462661503312596
6.225902992236662,1.7966113015514,23.3666655671019,27.986443731843014
5.420938339513374,4.356811670583609,31.635008115349567,22.06597179163987
6.3635425599688205,10.88346105650212,10.034915787017876,34.92068253277836
7.0729172391018045,1.1381420941768472,32.59213997827812,36.26813608533738
5.9238678960802,5.7816418275715415,3.988823879555508,36.47300614647819
6.281198205469259,2.4115798589808515,32.83638888458197,24.75939560531138
6.483100794197779,11.328994685422703,13.603548678907936,30.532385193555584
5.719145669679914,15.169879690489013,5.3468873388241445,27.27784595531093
6.156864737267291,12.548694724963898,18.033768053148744,26.508543827665207
6.008814680547256,3.571445620793833,10.473626734776762,32.1353329945339
6.068373268984182,8.923242826941433,11.400805764743453,30.68522497788731
5.458893151301173,8.445709093196315,12.140568842567458,30.954119395447854
6.01715712198126,2.5373620860781374,28.499854628477895,21.54754955678936
6.348598803871814,8.062390165578613,19.7923221302834,31.2352735548152
7.015800525456529,1.1508391810756389,12.27315407214812,42.318351202690366
6.671489578259645,4.628034561151228,22.141014849260305,29.618717605119222
7.507227720258089,2.045504964789143,25.632972249365388,27.3313352971874
5.462856705978365,1.5139110698865763,10.996592024206615,29.235566021561933
6.610624445704475,1.320301373217531,15.6471203503366,38.46039500642864
6.128339404016846,5.766711798752948,6.02224108011927,34.67861639375147
7.53286205325237,2.661304052274268,7.97792853464445,39.34678727591776
5.434191200251394,6.1605457488815105,24.476889180844434,20.337913772709346
5.4121947104734565,1.2703597419578974,7.987465473955689,34.953921023924146
5.5804251481891844,2.515041525670713,19.330391661012985,28.61960985220821
4.5132729929831354,4.101694057600199,25.398526636840277,17.099458320186358
5.631971484823468,7.25638933335195,5.526938462126546,30.667720290934025
5.468607136912412,2.535318428160636,20.721303247753816,24.539450399473363
6.105275650533345,4.932836345608651,10.466571862145004,30.05944359529439
6.239229183044012,9.68544663489708,33.776586882840135,24.311256224759777
7.3133195874511205,4.827026036288345,17.957006341757516,34.20762034059865
6.665296686730235,2.0608625718633977,28.597754142580218,31.64865063890586
5.596167441036318,1.098813654976621,20.15747589115664,31.916640587882313
5.3711097300561494,9.163926745496726,3.432613584209032,33.55221117987175
6.344343420054554,1.0859954566410452,22.893995394602737,28.436860736496733
5.07583675508555,9.308231066416681,33.39631029281968,15.238103366819397
7.282021136098048,4.011054881878218,21.85319006482893,33.40539638796391
6.825608084504901,12.191967371170652,29.033232361084078,20.80433497420676
5.671577043526707,7.413490092092501,31.17881329049746,20.034811371503366
4.800805829636386,25.728777643389304,9.526632474314772,12.83920471585048
6.947710661915789,2.727514467393135,8.99747971697148,42.43909438278133
5.919822108323167,6.830101036445831,22.162372632082725,23.709021815456385
6.8664714183814235,3.0561960104917634,15.563939503621256,35.62576830246913
4.883900638843944,3.614749217140765,29.71542299460177,18.604280702986873
5.580437483932359,4.950131630512462,31.700763072134368,18.80002514722615
6.003670589802728,9.27565625612956,13.662905516989698,30.309153466879835
6.0328864156353195,17.561588147365235,9.816728446157908,25.05056281154745
5.68495416996453,6.8487884413569,27.75734200304744,23.73559751999221
6.435994952643249,3.1635367743645673,11.068599173088492,31.02596774874947
5.252665699432184,3.1882783032760966,29.146272510951388,20.475191828686413
5.900334360485094,6.351271103894662,15.983362370409173,34.15114206244841
6.084206942198329,2.091316480238377,24.029146676618524,24.359809158746472
6.360107183841125,1.468266678322646,5.15266535654405,36.45683499019772
6.4981304146622225,2.7516773263764662,22.58735771432691,31.362858101936165
5.212750535713491,2.354436425671304,16.90833339832856,26.971113112386313
4.926120080485065,2.4056587589292224,21.358079284790644,23.800621678386065
6.8943737753289565,2.0642446638379868,7.544468855580493,41.135073507378536
6.2326198083857145,1.1720191237493893,26.31683358315801,29.32283709416018
5.476059424410413,1.0721424113277962,30.47230355892654,24.93717366279357
7.085806382865766,18.59991191644921,9.152413402995595,32.78232522539197
6.080972244005001,3.232878987568408,5.158580332165337,35.4853585963025
6.825508028844679,2.9401549098212714,2.780073339529101,43.285147123156406
6.047262936987076,5.5533305945057885,23.185059514627778,31.566765435054236
7.442523547417391,1.9849010237637335,22.034103190929766,34.80521439059248
7.228738589710243,12.979825014959104,20.04101461956431,26.70968521727759
5.825725096064649,7.173571127502345,9.654254171827189,34.035954838519395
6.680099665668049,1.3746545545640279,14.899897864881984,34.90207862675645
6.451763164709603,3.162259096133559,21.61771906114371,23.350818106867273
6.958042090272644,9.451771840563413,18.393306342352588,33.40993639135649
5.324553577593927,12.582246412483329,34.59692216709128,11.427199040320565
6.480236021998907,3.5199497724055693,6.502511834372193,37.11834945969318
6.740897140794711,4.801576690305746,24.939770283570596,29.82975320874243
4.76888235950382,1.7310495570271942,15.342519347441641,25.879126384621884
5.171719041133958,19.91777874437125,16.130587292545286,19.962767638628637
4.5725374755679296,2.0541526600707334,25.680726266719816,17.688788802734845
5.811415215888809,12.440037325975553,24.850392993704197,21.951178314132417
6.5022795790571735,5.19525223787424,34.711447792172216,21.779407847510885
7.05164993646722,4.743288891488776,6.237011551986132,41.98453090326116
6.051866346293843,3.8754070103697646,5.435618429677489,37.44992146348475
7.1400308818999045,2.0489401122078506,25.90318096524846,28.917777764637588
5.033928979249576,1.776903080093469,21.0867682612115,26.995755574120487
4.807632292451392,1.996339594482027,11.047301996473594,25.908450331437006
5.9611166107723665,1.8253338542182007,4.620839176636558,39.00666993327789
6.268845814257515,7.048963030291186,4.826722236682208,36.5082483780049
5.977113676334135,2.723902564292297,31.508298863915904,28.284018697951936
4.5527905299720866,1.238332033331074,8.331621715718516,27.308577828220077
5.937615972341048,14.908336866107097,12.671261549812185,24.85033026539101
5.086871349646603,9.609283880104002,9.479661273490605,25.831625353772512
6.468770784181027,11.510618215227018,13.714878092453931,28.821566418561837
6.256618772267794,22.120199076198826,4.290986810621082,30.477326623755165
5.3420841495708515,1.7641347863047412,19.12897309997292,21.414934979405665
5.640293157864314,3.018327419575523,4.231214598543092,31.415647522823203
5.258550534677734,6.679213901925083,28.41176475813793,15.543854578619582
5.9561246319087795,5.76318160968535,9.71249870304429,34.893705779099804
6.6685996243508665,1.6684515391740273,19.820393181948848,37.73041587893867
5.309991767565119,7.767652011945261,31.042609889528123,16.831480231476494
6.352832560862491,2.0166826689623454,23.478953178557408,28.50987971098255
5.628819667139291,2.0134710158785722,19.587606956194065,27.553715838999683
5.4449890174163595,4.079891937163348,12.703013852807395,32.319127099921
5.92507874803181,4.595178096747675,12.989063130920531,28.051213723753225
5.275330374306439,4.470823382117869,24.093069521540276,22.809812367907472
5.612445486256973,1.383783611884055,34.806598920298526,22.892629054540865
5.161485475187806,9.397299245165694,23.840693265029493,20.691713630660967
7.375307593041472,2.234805990668062,20.406852773210822,36.12445343306415
6.02468448638021,1.5548186438776013,26.111466837895122,29.293417968716113
5.51019214440519,9.783832393920134,17.3517852053627,15.873455043386818
6.149785937513955,13.462705411013117,3.984697305825912,34.058854287742975
5.921370365216419,8.925707137899849,20.555794923971025,22.903873745764386
5.845321280326744,7.632749878934449,33.601634388677546,13.117515577258349
6.429916690030398,5.25965000479448,7.784997097802768,37.1608676974283
6.530255397033113,4.201659126279595,24.77016139708197,32.286342358973656
5.62864919667263,1.3640195870094032,8.630811725748863,32.733484783100934
5.596927231548724,3.1000579996410593,19.68231358761168,29.45207400572607
5.807463811993849,2.8652483145224643,5.190322838341747,39.84636825750309
4.38865518468509,2.203089693905138,16.86224089652011,26.35535398896497
4.939366256461014,6.141022319988274,26.953389853543122,23.06951878365355
6.956811987211167,3.7397299356706144,13.469860299886408,38.405647291493004
7.151477399450899,1.3380777889422342,23.942086908078196,33.34360556544906
5.825674772310535,1.9947850447216657,28.249848706061062,19.200159550469806
6.403589874139037,5.598680510388996,32.59686804282194,22.18198762969987
6.2178751081804755,1.3167393607796494,9.743188701229966,33.029671723948994
8.155216565918666,8.62079449217682,15.17742522170717,45.38980112514478
6.7837024380042035,3.7339481772483136,7.029728439903775,38.00901644414797
5.910457685963463,3.620220549742364,34.75195557122638,20.735814789686398
5.331121691579702,4.589952306352299,32.59103194150175,19.719572462092888
4.875487575819699,7.964591651777907,19.818585299258466,20.616656742697668
6.1424245451070565,2.709672535780861,29.7870987144219,29.548890221726154
5.470554478300988,5.533015591691404,19.191613249977394,23.122509885467185
5.0044224032816285,4.336373364139894,22.57832770409107,22.148583848004396
5.5473989810302315,2.242592582404283,4.9411062598285485,31.917733726940597
5.242916397469924,9.435645741761434,26.92392387639466,14.074729644609453
7.180999144550795,7.38660053501093,6.214544959962749,37.269115702551275
6.617147829864615,5.297066277539504,29.260231798333436,25.695979720241372
5.994419151078368,8.604022874166425,27.806926893122736,20.478714198195476
7.035960897223018,9.07848255288212,25.38857502551822,25.869012757293348
6.054157815353332,5.928981283637244,3.19329255731715,31.490699765273963
5.3971010590702155,8.25634740248373,12.003235746195845,26.606397003125206
7.06618685408876,5.782318657487935,10.682714807057815,32.58425641607791
6.377237030579261,5.55949716691546,13.88450144656013,34.44435373722731
5.273927691971481,4.855745676088753,4.892210643206672,31.742979559013193
5.866762925341474,6.588881566504257,32.91960816002507,15.206915265047918
5.38706722263067,1.6907767018451159,20.275473943508416,25.024583559327002
5.032040188324965,9.510185272208613,12.082302251714777,22.107487962891376
